{
  "posts": [
    {
      "id": "1",
      "title": "Gần 100 trường đại học công bố lịch nghỉ Tết Bính Ngọ: ‘Kỷ lục’ nghỉ tới 43 ngày",
      "content": "Theo cập nhật mới nhất, đến thời điểm hiện tại đã có gần 100 trường đại học công bố hoặc thông tin dự kiến lịch nghỉ Tết Nguyên đán năm 2026 cho sinh viên.",
      "image": "https://cdn-i.vtcnews.vn/resize/th/upload/2026/01/19/base64-17239699328551748199622-17152344.jpeg"
    },
    {
      "id": "2",
      "title": "Bão Nokaen sắp đổi hướng, có ảnh hưởng tới nước ta?",
      "content": "Theo cập nhật mới nhất, bão Nokaen đang có dấu hiệu đổi hướng và có khả năng ảnh hưởng tới khu vực.",
      "image": "https://photo-baomoi.bmcdn.me/w700_r1/2026_01_19_15_54291337/2e66b4ad9ee577bb2ef4.jpg.avif"
    },
    {
      "id": "3",
      "title": "Galaxy S26 Ultra: 4 màu chốt hạ cực bắt mắt",
      "content": "Không chỉ tiết lộ đủ bốn màu chính của Galaxy S26 Ultra, nguồn tin này còn trùng khớp hoàn toàn với báo cáo trước đó.",
      "image": "https://photo-baomoi.bmcdn.me/w250_r3x2/2026_01_19_23_54291876/1899612b4b63a23dfb72.jpg.avif"
    },
    {
      "id": "4",
      "title": "Sân bay Tân Sơn Nhất dự kiến đón 145.000 hành khách/ngày dịp Tết Bính Ngọ 2026",
      "content": "Ngày 6/2, đại diện Cảng Hàng không quốc tế Tân Sơn Nhất cho biết, trong giai đoạn cao điểm Tết Nguyên đán Bính Ngọ (từ 14/2 đến 22/2/2026), sản lượng khai thác dự kiến tăng mạnh, trung bình khoảng 940 chuyến bay/ngày, tăng 25% so với lịch bay hiện tại và tăng 7% so với cùng kỳ năm 2025.",
      "image": "https://photo-baomoi.bmcdn.me/w700_r16x9/2026_02_06_294_54433756/b95f40294761ae3ff770.jpg.avif"
    },
    {
      "id": "5fab",
      "title": "Dòng người nghỉ Tết bắt đầu đổ về sân bay Tân Sơn Nhất",
      "content": "TPO - Những ngày cận Tết Nguyên đán 2026, sân bay Tân Sơn Nhất bắt đầu ghi nhận lượng hành khách đông hơn ngày thường khi người dân từ TPHCM và các tỉnh phía Nam về quê sum họp gia đình.",
      "image": "https://cdn.tienphong.vn/images/ade18ff662a0cdd153453c9fd0ad1e7cd6ccff7d3e3b0171751de25788ed30d04a2df40eb9fb314396d9ba34bc4cb3f2195c5fe6d520984eb09ce86f9b1c1fbb/9f5ef702c0084e561719.jpg"
    }
  ],
  "user": [
    {
      "id": 1,
      "fullname": "Huynh Thanh Phong",
      "mail": "huynhthanhphong@gmail.com",
      "matkhau": "123456",
      "img": "https://i.pinimg.com/736x/61/62/2e/61622ec8899cffaa687a8342a84ea525.jpg"
    },
    {
      "id": 2,
      "fullname": "Phonghuynh",
      "mail": "phonghuynh031226@gmail.com",
      "matkhau": "phonghuynh031226",
      "img": "https://i.pinimg.com/736x/61/62/2e/61622ec8899cffaa687a8342a84ea525.jpg"
    },
    {
      "id": "cad2",
      "fullname": "hihihi",
      "mail": "phonghuynh@gmail.com",
      "matkhau": "phonghuynh",
      "img": "https://i.pinimg.com/736x/61/62/2e/61622ec8899cffaa687a8342a84ea525.jpg"
    },
    {
      "id": "3846",
      "fullname": "phonghuynh",
      "mail": "phonghuynh031226@gmail.com",
      "matkhau": "phonghuynh",
      "img": "https://i.pinimg.com/736x/61/62/2e/61622ec8899cffaa687a8342a84ea525.jpg"
    },
    {
      "fullname": "kkkkkk",
      "mail": "phonghuynh031226@gmail.com",
      "img": "https://i.pinimg.com/736x/61/62/2e/61622ec8899cffaa687a8342a84ea525.jpg",
      "matkhau": "registerSuccess",
      "id": "086a"
    },
    {
      "id": "e515",
      "fullname": "registerSuccess",
      "mail": "phonghuynh031226@gmail.com",
      "matkhau": "registerSuccess",
      "img": "https://i.pinimg.com/736x/61/62/2e/61622ec8899cffaa687a8342a84ea525.jpg"
    },
    {
      "id": "a52f",
      "fullname": "ndnd",
      "mail": "phonghuynh031226@gmail.com",
      "matkhau": "    const kiemtra = user.value.some(       user => user.mail === email.value     )      if (kiemtra) {       registerError.value = 'Email đã tồn tại'       return     }",
      "img": "https://i.pinimg.com/736x/61/62/2e/61622ec8899cffaa687a8342a84ea525.jpg"
    }
  ]
}